{"train/f1_macro": 0.37701129702244746, "train/f1_micro": 0.8192430137955431, "train/f1_weighted": 0.8002896224558955, "train/accuracy": 0.819243013795543, "train/loss": 0.6614965823804133, "_timestamp": 1659292786, "_runtime": 570, "validation/f1_macro": 0.39989283597305464, "validation/f1_micro": 0.8572074107546318, "validation/f1_weighted": 0.842224491203406, "validation/accuracy": 0.8572074107546317, "validation/loss": 0.5205049059892956, "_step": 5, "test/f1_macro": 0.37868756516486035, "test/f1_micro": 0.80618984714097, "test/f1_weighted": 0.7878853417305676, "test/accuracy": 0.80618984714097, "test/loss": 0.6784234313588393, "_wandb": {"runtime": 569}}