{"train/f1_macro": 0.6215411260427283, "train/f1_micro": 0.8841780787306079, "train/f1_weighted": 0.8801655197935806, "train/accuracy": 0.8841780787306079, "train/loss": 0.35916900024170706, "_timestamp": 1659292106, "_runtime": 578, "validation/f1_macro": 0.5713019962777702, "validation/f1_micro": 0.8668474167796355, "validation/f1_weighted": 0.8650505918092778, "validation/accuracy": 0.8668474167796355, "validation/loss": 0.4181246961417951, "_step": 5, "test/f1_macro": 0.5543338158584525, "test/f1_micro": 0.8292130590677487, "test/f1_weighted": 0.8287021901561493, "test/accuracy": 0.8292130590677487, "test/loss": 0.5383414814346715, "_wandb": {"runtime": 578}}