{"train/f1_macro": 0.05163901331356735, "train/f1_micro": 0.6478245489918641, "train/f1_weighted": 0.5143655138676029, "train/accuracy": 0.6478245489918641, "train/loss": 1.421775494454175, "_timestamp": 1659293459, "_runtime": 560, "validation/f1_macro": 0.055718518831896366, "validation/f1_micro": 0.698448561530351, "validation/f1_weighted": 0.5810877070907712, "validation/accuracy": 0.698448561530351, "validation/loss": 1.1319507799650494, "_step": 5, "test/f1_macro": 0.05613582891141654, "test/f1_micro": 0.6459709379128138, "test/f1_weighted": 0.5153183910952895, "test/accuracy": 0.6459709379128138, "test/loss": 1.3531234358486377, "_wandb": {"runtime": 559}}